{"cameraMode":{"drawMode":0,"name":"Shaded","section":"Shading Mode"},"sceneLighting":false,"audioPlay":false,"sceneViewState":{"m_AlwaysRefresh":false,"showFog":true,"showSkybox":true,"showFlares":true,"showImageEffects":true,"showParticleSystems":true,"showVisualEffectGraphs":true,"m_FxEnabled":true},"in2DMode":false,"pivot":{"x":-0.05766719579696655,"y":-6.823247909545898,"z":-7.864030838012695},"rotation":{"x":-0.516975998878479,"y":-0.0033342260867357256,"z":0.0020294676069170238,"w":-0.856012225151062},"size":21.078086853027345,"orthographic":false}