{"cameraMode":{"drawMode":0,"name":"Shaded","section":"Shading Mode"},"sceneLighting":false,"audioPlay":false,"sceneViewState":{"m_AlwaysRefresh":false,"showFog":true,"showSkybox":true,"showFlares":true,"showImageEffects":true,"showParticleSystems":true,"showVisualEffectGraphs":true,"m_FxEnabled":true},"in2DMode":false,"pivot":{"x":-49.10422134399414,"y":0.4099999666213989,"z":2.8868367671966554},"rotation":{"x":-0.6573705077171326,"y":-0.0018006099853664637,"z":0.0015916872071102262,"w":-0.7535904049873352},"size":6.84234094619751,"orthographic":false}